timestamp_utc,latitude,longitude,predicted_rainfall_mm_hr,heavy_probability,predicted_hazard,cyclone_latitude,cyclone_longitude,cyclone_wind_kt,cyclone_pressure_hpa,cyclone_pressure_drop_hpa
2019-04-30 05:30:00,13.75,83.65,51.19942285966824,0.9360388582455312,Extreme,12.55,85.78333333333333,79.16666666666667,970.6666666666666,31.33333333333333
2019-04-30 05:30:00,13.15,83.65,51.01644796861587,0.9120245104855164,Extreme,12.55,85.78333333333333,79.16666666666667,970.6666666666666,31.33333333333333
2019-04-30 05:00:00,13.75,84.049995,50.46756844283173,0.9542142542795022,Extreme,12.5,85.86666666666667,78.33333333333333,971.3333333333334,30.666666666666668
2019-04-30 04:00:00,11.75,84.25,50.43222564304602,0.999767943424917,Extreme,12.4,86.03333333333333,76.66666666666667,972.6666666666666,29.33333333333333
2019-04-30 05:30:00,13.65,83.549995,50.12654952250738,0.919116971510468,Extreme,12.55,85.78333333333333,79.16666666666667,970.6666666666666,31.33333333333333
2019-04-30 05:30:00,13.849999,83.65,50.02846281795871,0.9225024561844132,Extreme,12.55,85.78333333333333,79.16666666666667,970.6666666666666,31.33333333333333
2019-04-30 05:00:00,13.849999,84.049995,49.80564712666354,0.8786114013161161,Extreme,12.5,85.86666666666667,78.33333333333333,971.3333333333334,30.666666666666668
2019-04-30 05:00:00,12.55,83.75,49.788359172299984,0.9752574799261746,Extreme,12.5,85.86666666666667,78.33333333333333,971.3333333333334,30.666666666666668
2019-04-30 05:00:00,13.75,83.95,49.71191712866355,0.8326884716758698,Extreme,12.5,85.86666666666667,78.33333333333333,971.3333333333334,30.666666666666668
2019-04-30 05:00:00,13.849999,83.95,49.68724721967308,0.8333298670669523,Extreme,12.5,85.86666666666667,78.33333333333333,971.3333333333334,30.666666666666668
2019-04-30 05:00:00,14.049999,84.25,49.6841317164921,0.9072901733176956,Extreme,12.5,85.86666666666667,78.33333333333333,971.3333333333334,30.666666666666668
2019-04-30 05:00:00,13.75,84.15,49.65126249213016,0.9602341825106636,Extreme,12.5,85.86666666666667,78.33333333333333,971.3333333333334,30.666666666666668
2019-04-30 05:30:00,13.549999,83.65,49.54148946061428,0.9199852328034184,Extreme,12.55,85.78333333333333,79.16666666666667,970.6666666666666,31.33333333333333
2019-04-30 05:30:00,13.75,83.549995,49.502805399888345,0.9346058091364016,Extreme,12.55,85.78333333333333,79.16666666666667,970.6666666666666,31.33333333333333
2019-04-30 05:30:00,13.549999,83.75,49.49666938016667,0.924514574413937,Extreme,12.55,85.78333333333333,79.16666666666667,970.6666666666666,31.33333333333333
2019-04-30 05:00:00,13.65,83.65,49.41220537004448,0.8956410245674284,Extreme,12.5,85.86666666666667,78.33333333333333,971.3333333333334,30.666666666666668
2019-04-30 05:00:00,13.75,83.75,49.41220537004448,0.9086388889919084,Extreme,12.5,85.86666666666667,78.33333333333333,971.3333333333334,30.666666666666668
2019-04-30 04:30:00,14.049999,84.35,49.33842149178735,0.9392292637509038,Extreme,12.45,85.95,77.5,972.0,30.0
2019-04-30 05:00:00,12.25,83.95,49.15493183573014,0.996256265705972,Extreme,12.5,85.86666666666667,78.33333333333333,971.3333333333334,30.666666666666668
2019-04-30 05:00:00,12.349999,83.85,48.82955570872223,0.9537074930672188,Extreme,12.5,85.86666666666667,78.33333333333333,971.3333333333334,30.666666666666668
2019-04-30 05:00:00,12.349999,83.95,48.78645652799366,0.9823296274052458,Extreme,12.5,85.86666666666667,78.33333333333333,971.3333333333334,30.666666666666668
2019-04-30 05:30:00,12.349999,83.75,48.74680928614287,0.9383433386104936,Extreme,12.55,85.78333333333333,79.16666666666667,970.6666666666666,31.33333333333333
2019-04-30 04:00:00,12.25,84.15,48.61074591326981,0.9746181373837696,Extreme,12.4,86.03333333333333,76.66666666666667,972.6666666666666,29.33333333333333
2019-04-30 04:30:00,13.75,84.25,48.5381320470889,0.9637772659894972,Extreme,12.45,85.95,77.5,972.0,30.0
2019-04-30 04:00:00,12.25,84.049995,48.34806487427935,0.9762032876899392,Extreme,12.4,86.03333333333333,76.66666666666667,972.6666666666666,29.33333333333333
2019-04-30 05:30:00,12.349999,83.85,48.31733929379998,0.9753451022507864,Extreme,12.55,85.78333333333333,79.16666666666667,970.6666666666666,31.33333333333333
2019-04-30 05:30:00,13.65,83.75,48.28387360530003,0.9238089667164792,Extreme,12.55,85.78333333333333,79.16666666666667,970.6666666666666,31.33333333333333
2019-04-30 05:30:00,13.75,83.45,48.25232497013021,0.6392845919161605,Extreme,12.55,85.78333333333333,79.16666666666667,970.6666666666666,31.33333333333333
2019-04-30 04:30:00,12.349999,83.95,48.24810527370792,0.954436839287602,Extreme,12.45,85.95,77.5,972.0,30.0
2019-04-30 05:30:00,13.349999,83.65,48.2458391140984,0.9273563521242292,Extreme,12.55,85.78333333333333,79.16666666666667,970.6666666666666,31.33333333333333
2019-04-30 04:00:00,12.15,84.15,48.1556285843333,0.9987817710125008,Extreme,12.4,86.03333333333333,76.66666666666667,972.6666666666666,29.33333333333333
2019-04-30 05:30:00,13.349999,83.45,47.837754105069855,0.9258140908145546,Extreme,12.55,85.78333333333333,79.16666666666667,970.6666666666666,31.33333333333333
2019-04-30 05:30:00,13.25,83.35,47.82363176203172,0.9165916756628464,Extreme,12.55,85.78333333333333,79.16666666666667,970.6666666666666,31.33333333333333
2019-04-30 05:30:00,13.549999,83.549995,47.82112809014284,0.90099299439981,Extreme,12.55,85.78333333333333,79.16666666666667,970.6666666666666,31.33333333333333
2019-04-30 04:30:00,11.849999,84.15,47.79722968285795,0.9953081770578418,Extreme,12.45,85.95,77.5,972.0,30.0
2019-04-30 05:00:00,12.15,83.85,47.61336718651423,0.9962820557866232,Extreme,12.5,85.86666666666667,78.33333333333333,971.3333333333334,30.666666666666668
2019-04-30 04:00:00,13.65,84.35,47.4723885592762,0.9636324094073624,Extreme,12.4,86.03333333333333,76.66666666666667,972.6666666666666,29.33333333333333
2019-04-30 05:00:00,13.849999,84.25,47.43237413562064,0.953200359484234,Extreme,12.5,85.86666666666667,78.33333333333333,971.3333333333334,30.666666666666668
2019-04-30 05:30:00,13.25,83.549995,47.27846741117138,0.8723004633131843,Extreme,12.55,85.78333333333333,79.16666666666667,970.6666666666666,31.33333333333333
2019-04-30 05:30:00,13.549999,83.45,46.93720320075876,0.86388205656447,Extreme,12.55,85.78333333333333,79.16666666666667,970.6666666666666,31.33333333333333
2019-04-30 05:00:00,12.15,83.75,46.59833748260954,0.9391810020768944,Extreme,12.5,85.86666666666667,78.33333333333333,971.3333333333334,30.666666666666668
2019-04-30 05:30:00,13.849999,83.549995,46.520777871390486,0.9217803985601716,Extreme,12.55,85.78333333333333,79.16666666666667,970.6666666666666,31.33333333333333
2019-04-30 05:30:00,12.25,83.85,46.33520913737773,0.9958799760008492,Extreme,12.55,85.78333333333333,79.16666666666667,970.6666666666666,31.33333333333333
2019-04-30 05:30:00,13.45,83.65,46.22281009269526,0.9177367585295064,Extreme,12.55,85.78333333333333,79.16666666666667,970.6666666666666,31.33333333333333
2019-04-30 05:30:00,13.65,83.65,46.04140953470471,0.9139729800456544,Extreme,12.55,85.78333333333333,79.16666666666667,970.6666666666666,31.33333333333333
2019-04-30 05:00:00,13.849999,84.15,45.92427313766351,0.9662296211165748,Extreme,12.5,85.86666666666667,78.33333333333333,971.3333333333334,30.666666666666668
2019-04-30 05:00:00,13.549999,83.65,45.88291399364605,0.8454688622250557,Extreme,12.5,85.86666666666667,78.33333333333333,971.3333333333334,30.666666666666668
2019-04-30 05:30:00,12.25,84.049995,45.86696998687621,0.8448525964239502,Extreme,12.55,85.78333333333333,79.16666666666667,970.6666666666666,31.33333333333333
2019-04-30 05:30:00,12.55,83.85,45.7622083798444,0.9446304301541136,Extreme,12.55,85.78333333333333,79.16666666666667,970.6666666666666,31.33333333333333
2019-04-30 05:00:00,12.05,83.85,45.74409849769206,0.999275625805462,Extreme,12.5,85.86666666666667,78.33333333333333,971.3333333333334,30.666666666666668
2019-04-30 04:00:00,12.15,85.65,45.65303808451907,0.9998894693351352,Extreme,12.4,86.03333333333333,76.66666666666667,972.6666666666666,29.33333333333333
2019-04-30 05:00:00,13.75,84.25,45.64291019201901,0.90394522595683,Extreme,12.5,85.86666666666667,78.33333333333333,971.3333333333334,30.666666666666668
2019-04-30 05:30:00,13.25,83.45,45.57842655199679,0.9303151041269954,Extreme,12.55,85.78333333333333,79.16666666666667,970.6666666666666,31.33333333333333
2019-04-30 04:30:00,13.95,84.45,45.40277169226668,0.9456676785093564,Extreme,12.45,85.95,77.5,972.0,30.0
2019-04-30 05:30:00,13.25,83.65,45.10511913033014,0.8862885132313775,Extreme,12.55,85.78333333333333,79.16666666666667,970.6666666666666,31.33333333333333
2019-04-30 05:30:00,13.349999,83.549995,45.058754379561854,0.907627632778581,Extreme,12.55,85.78333333333333,79.16666666666667,970.6666666666666,31.33333333333333
2019-04-30 05:00:00,12.849999,83.549995,44.94764268200637,0.9291434765504883,Extreme,12.5,85.86666666666667,78.33333333333333,971.3333333333334,30.666666666666668
2019-04-30 04:30:00,13.75,84.35,44.90987019375874,0.9664499703432812,Extreme,12.45,85.95,77.5,972.0,30.0
2019-04-30 05:00:00,13.95,84.049995,44.88219257047302,0.9148870208496656,Extreme,12.5,85.86666666666667,78.33333333333333,971.3333333333334,30.666666666666668
2019-04-30 05:00:00,13.65,83.85,44.84401661210162,0.9732337735978124,Extreme,12.5,85.86666666666667,78.33333333333333,971.3333333333334,30.666666666666668
2019-04-30 04:00:00,11.65,84.15,44.835105647895205,0.9999056420638306,Extreme,12.4,86.03333333333333,76.66666666666667,972.6666666666666,29.33333333333333
2019-04-30 05:00:00,13.849999,83.75,44.78713271492063,0.8832024863988067,Extreme,12.5,85.86666666666667,78.33333333333333,971.3333333333334,30.666666666666668
2019-04-30 05:30:00,13.95,83.65,44.755632802339626,0.9468321353240816,Extreme,12.55,85.78333333333333,79.16666666666667,970.6666666666666,31.33333333333333
2019-04-30 05:00:00,13.75,83.549995,44.70258726980318,0.7575002321684727,Extreme,12.5,85.86666666666667,78.33333333333333,971.3333333333334,30.666666666666668
2019-04-30 04:00:00,11.95,84.049995,44.674005403349206,0.99979573393517,Extreme,12.4,86.03333333333333,76.66666666666667,972.6666666666666,29.33333333333333
2019-04-30 04:00:00,11.849999,84.049995,44.66652368566349,0.9924248431614332,Extreme,12.4,86.03333333333333,76.66666666666667,972.6666666666666,29.33333333333333
2019-04-30 04:30:00,11.75,84.049995,44.66273498139684,0.9924071739197854,Extreme,12.45,85.95,77.5,972.0,30.0
2019-04-30 05:00:00,13.65,83.549995,44.65682357173653,0.7911457997217155,Extreme,12.5,85.86666666666667,78.33333333333333,971.3333333333334,30.666666666666668
2019-04-30 05:00:00,13.849999,83.65,44.640677296736506,0.7447132890317845,Extreme,12.5,85.86666666666667,78.33333333333333,971.3333333333334,30.666666666666668
2019-04-30 04:00:00,13.65,84.45,44.61320477302541,0.9800781210759578,Extreme,12.4,86.03333333333333,76.66666666666667,972.6666666666666,29.33333333333333
2019-04-30 05:00:00,13.75,83.65,44.59332006975557,0.8516879653695689,Extreme,12.5,85.86666666666667,78.33333333333333,971.3333333333334,30.666666666666668
2019-04-30 04:00:00,12.15,84.049995,44.42084432680952,0.9964167233973592,Extreme,12.4,86.03333333333333,76.66666666666667,972.6666666666666,29.33333333333333
2019-04-30 05:00:00,14.049999,84.35,44.3978957118952,0.9475754243470084,Extreme,12.5,85.86666666666667,78.33333333333333,971.3333333333334,30.666666666666668
2019-04-30 04:30:00,13.75,84.15,44.37238870099524,0.9468509566834312,Extreme,12.45,85.95,77.5,972.0,30.0
2019-04-30 05:00:00,13.549999,83.549995,44.3488301753365,0.8006130198256087,Extreme,12.5,85.86666666666667,78.33333333333333,971.3333333333334,30.666666666666668
2019-04-30 04:30:00,11.75,83.95,44.31379165440633,0.9995905041600728,Extreme,12.45,85.95,77.5,972.0,30.0
2019-04-30 04:30:00,12.05,83.95,44.29372104713966,0.9997523285965806,Extreme,12.45,85.95,77.5,972.0,30.0
2019-04-30 05:00:00,12.65,83.45,44.27476861566668,0.9353668897497592,Extreme,12.5,85.86666666666667,78.33333333333333,971.3333333333334,30.666666666666668
2019-04-30 05:30:00,13.15,83.45,44.15944588431111,0.9359010876482368,Extreme,12.55,85.78333333333333,79.16666666666667,970.6666666666666,31.33333333333333
2019-04-30 04:30:00,11.849999,83.95,44.06510038702856,0.9992015185200616,Extreme,12.45,85.95,77.5,972.0,30.0
2019-04-30 05:30:00,12.349999,85.65,44.0177747992381,0.8720706351956543,Extreme,12.55,85.78333333333333,79.16666666666667,970.6666666666666,31.33333333333333
2019-04-30 05:30:00,12.15,83.75,44.00955059220949,0.9985924947542314,Extreme,12.55,85.78333333333333,79.16666666666667,970.6666666666666,31.33333333333333
2019-04-30 05:00:00,11.849999,83.85,43.98533125501901,0.9956750253187464,Extreme,12.5,85.86666666666667,78.33333333333333,971.3333333333334,30.666666666666668
2019-04-30 05:00:00,13.349999,83.549995,43.84329309205396,0.8106999576441077,Extreme,12.5,85.86666666666667,78.33333333333333,971.3333333333334,30.666666666666668
2019-04-30 04:00:00,13.65,84.25,43.74893432052061,0.957603091499303,Extreme,12.4,86.03333333333333,76.66666666666667,972.6666666666666,29.33333333333333
2019-04-30 04:30:00,12.349999,84.049995,43.72794167751589,0.9506717650031136,Extreme,12.45,85.95,77.5,972.0,30.0
2019-04-30 05:00:00,13.65,83.95,43.72469745990478,0.943569027394894,Extreme,12.5,85.86666666666667,78.33333333333333,971.3333333333334,30.666666666666668
2019-04-30 04:00:00,12.849999,84.049995,43.70044162469211,0.9978549365558896,Extreme,12.4,86.03333333333333,76.66666666666667,972.6666666666666,29.33333333333333
2019-04-30 05:30:00,13.15,83.549995,43.64414212022541,0.9041729530821592,Extreme,12.55,85.78333333333333,79.16666666666667,970.6666666666666,31.33333333333333
2019-04-30 04:30:00,13.75,84.049995,43.42209037845237,0.9436130743738962,Extreme,12.45,85.95,77.5,972.0,30.0
2019-04-30 05:30:00,13.049999,83.45,43.39910823847778,0.9171526179631726,Extreme,12.55,85.78333333333333,79.16666666666667,970.6666666666666,31.33333333333333
2019-04-30 05:00:00,13.95,83.75,43.388817018546014,0.8821783236266523,Extreme,12.5,85.86666666666667,78.33333333333333,971.3333333333334,30.666666666666668
2019-04-30 04:00:00,12.95,84.049995,43.36221931697145,0.9645118113851178,Extreme,12.4,86.03333333333333,76.66666666666667,972.6666666666666,29.33333333333333
2019-04-30 04:30:00,11.849999,84.049995,43.33517174369203,0.996011114744301,Extreme,12.45,85.95,77.5,972.0,30.0
2019-04-30 05:00:00,12.349999,85.75,43.31072133059045,0.8676358323945101,Extreme,12.5,85.86666666666667,78.33333333333333,971.3333333333334,30.666666666666668
2019-04-30 05:00:00,12.849999,83.35,43.2829245892524,0.7881886185199943,Extreme,12.5,85.86666666666667,78.33333333333333,971.3333333333334,30.666666666666668
2019-04-30 04:30:00,11.95,83.95,43.26571616120952,0.9995087560662254,Extreme,12.45,85.95,77.5,972.0,30.0
2019-04-30 04:00:00,11.75,84.15,43.216602858777726,0.9961215912417444,Extreme,12.4,86.03333333333333,76.66666666666667,972.6666666666666,29.33333333333333
2019-04-30 05:30:00,12.15,83.65,43.20157312308576,0.9796703121106224,Extreme,12.55,85.78333333333333,79.16666666666667,970.6666666666666,31.33333333333333
2019-04-30 04:30:00,12.25,83.95,43.18819069001904,0.996257276701093,Extreme,12.45,85.95,77.5,972.0,30.0
